Item ID;Page ID;BOX Picture;FF;I T E M    N A M E;Stock;Type;Status;Item (SKU Owleys);ASIN;Себестоимость;;_1;_2;_3;_4;_5;_6;_7;_8;_9;_10;_11;_12;_13;_14;_15;_16
3;;;TRUE;;;;;;;;;;;;;;;;;;;;;;;;
p-3014-10;1085;p-3014-10.png;;Foldable Car Trunk Organizer “Hexy” 17,7-Inch Owleys;;Organizers;In stock;OUTR01-01A  (old);B09PLJWN8T;26,26;;;;;;;;;;;;;;;;;
p-3014-9;272;p-3014-9.png;;Foldable Car Trunk Organizer “Hexy” 21,6-Inch Owleys;;Organizers;In stock;OUTR01-01B  (old);B09PLHYVMH;28,48;;;;;;;;;;;;;;;;;
p-3014-63;260;p-3014-63.jpg;;Foldable Car Trunk Organizer “Highway” 17,7-Inch Owleys;;Organizers;In stock;OUTR01-04A;B0BHDY8HZ3;23,11;;;;;;;;;;;;;;;;;
p-3014-61;1087;p-3014-61.png;;Foldable Car Trunk Organizer “Highway” 21,6-Inch Owleys;;Organizers;In stock;OUTR01-04B;B0BHDT92J4;25,11;;;;;;;;;;;;;;;;;
p-3014-666;9227;p-3014-666.png;;"Foldable Car Trunk Organizer Black ""Hexy Pro"" 17.7-Inch Owleys";;Organizers;In stock;OUTR01-05C;B0DFHP36L3;17,53;;;;;;;;;;;;;;;;;
p-3014-667;9228;p-3014-667.jpg;;"Foldable Car Trunk Organizer Black ""Hexy Pro"" 21.6-Inch Owleys";;Organizers;In stock;OUTR01-05D;B0DFHMLCDW;28,03;;;;;;;;;;;;;;;;;
p-3014-987;15146;p-3014-987.png;;"Foldable Car Trunk Organizer Gray ""Hexy Pro"" 17.7-Inch Owleys";;Organizers;In stock;OUTR01-06C;;25,82;;;;;;;;;;;;;;;;;
p-3014-989;15147;p-3014-989.png;;"Foldable Car Trunk Organizer Gray ""Hexy Pro"" 21.6-Inch Owleys";;Organizers;In stock;OUTR01-06D;;28,02;;;;;;;;;;;;;;;;;
;;;;Seat Protector;;;;;;;;;;;;;;;;;;;;;;;
p-3014-17;176;p-3014-17.png;;Car Seat Protector Mat “Hexy” Owleys 1 pcs;;Seat Covers/Protectors/Kids;In stock;OUSC01-01A;B09Q37VZXJ;12,34;;;;;;;;;;;;;;;;;
p-3014-44;3327;p-3014-44.png;;Car Seat Protector Mat Black “Hexy” Owleys 1 pcs;;Seat Covers/Protectors/Kids;In stock;OUSC01-07A;B0B28V819S;12,34;;;;;;;;;;;;;;;;;
p-3014-1007;24546;p-3014-1007.png;←;Car Seat Protector Mat Gray “Hexy” Owleys 1 pcs;;Seat Covers/Protectors/Kids;In stock;OUSC01-06A;;12,11;;;;;;;;;;;;;;;;;
p-3014-600;15080;p-3014-600.png;;Car Seat Protector Mat White “Hexy” Owleys 1 pcs;;Seat Covers/Protectors/Kids;In stock;OUSC01-15A;B0D5BZYNB6;12,59;;;;;;;;;;;;;;;;;
;;;;Kick Mat;;;;;;;;;;;;;;;;;;;;;;;
p-3014-19;166;p-3014-19.png;AMZ;Car Seat Back Protector Kick Mat “Hexy” Owleys 1 pcs;;Seat Covers/Protectors/Kids;In stock;OUSC02-01A;B09Q384VK3;10,14;;;;;;;;;;;;;;;;;
p-3014-45;3344;p-3014-45.png;;Car Seat Back Protector Kick Mat Black “Hexy” Owleys 1 pcs;;Seat Covers/Protectors/Kids;In stock;OUSC02-07A;B0B29JST4B;10,11;;;;;;;;;;;;;;;;;
p-3014-1011;24547;p-3014-1011.png;←;Car Seat Back Protector Kick Mat Gray “Hexy” Owleys 1 pcs;;Seat Covers/Protectors/Kids;In stock;OUSC02-06A;;9,73;;;;;;;;;;;;;;;;;
p-3014-601;11837;p-3014-601.png;;Car Seat Back Protector Kick Mat White “Hexy” Owleys 1 pcs;;Seat Covers/Protectors/Kids;In stock;OUSC02-15A;B0D5BZ37S1;11,36;;;;;;;;;;;;;;;;;
p-3014-11;149;p-3014-11.png;AMZ;Car Back Of Seat Organizer “Hexy” Owleys 1 pcs;;Seat Covers/Protectors/Kids;In stock;OUSC03-01A;B09PT9ZM3M;16,06;;;;;;;;;;;;;;;;;
p-3014-513;5899;p-3014-513.png;;Car Seat Back Organizer Black “Hexy” Owleys 1 pcs;;Seat Covers/Protectors/Kids;In stock;OUSC03-07A;B0CCPLWGVK;17,01;;;;;;;;;;;;;;;;;
p-3014-542;5705;p-3014-542.png;;Car Seat Covers Tan “Hexy” Owleys;;Seat Covers/Protectors/Kids;In stock;OUSC06-01A;B0CPQ8MFV8;48,84;;;;;;;;;;;;;;;;;
p-3014-595;5547;p-3014-595.png;;“Snug Bug” Child Car Booster Seat With Isofix Owleys;;Seat Covers/Protectors/Kids;In stock;OUSC04-00A;;46,2;;;;;;;;;;;;;;;;;
p-3014-868;24284;p-3014-868.png;;Eco-Leather Car Front Seat Covers. Black. | “Harlow” by Owleys;;Seat Covers/Protectors/Kids;In stock;OUSC09-05A;B0F5SJMQ28;46,4;;;;;;;;;;;;;;;;;
p-3014-869;24285;p-3014-869.png;;Eco-Leather Car Back Seat Covers. Black. | “Harlow” by Owleys;0;Seat Covers/Protectors/Kids;In stock;OUSC09-05B;B0F67FQ39N;23,7;;;;;;;;;;;;;;;;;
p-3014-870;23990;p-3014-870.png;;Eco-Leather Car Front Seat Covers. Golden. | “Harlow” by Owleys;;Seat Covers/Protectors/Kids;In stock;OUSC09-17A;B0F67FHZ3Z;47;;;;;;;;;;;;;;;;;
p-3014-871;23991;p-3014-871.png;;Eco-Leather Car Back Seat Covers. Golden. | “Harlow” by Owleys;;Seat Covers/Protectors/Kids;In stock;OUSC09-17B;B0F67FDJGF;24,5;;;;;;;;;;;;;;;;;
p-3014-20;72;p-3014-20.png;;OLD=Dog Car Seat Cover “Travel Buddy” Owleys;;Pet Supplies;In stock;OUPS01-00A;B09QCTL2HK;28,73;;57,46;;;;;;;;;;;;;;;
p-3014-577;9224;p-3014-577.png;;Car Dog Hammock “Travel Buddy Mk, II” Beige Owleys;;Pet Supplies;In stock;OUPS01-02B;B0DDYB2FXP;37,34;;;;;;;;;;;;;;;;;
p-3014-651;3592;p-3014-651.png;;Car Dog Hammock “Travel Buddy Mk. II” Owleys PRO;;Pet Supplies;In stock;OUPS01-00C;B0DDYC11WK;41,21;;;;;;;;;;;;;;;;;
p-3014-70;8353;p-3014-70.jpg;;Adjustable Dog Car Seat Belt Extra Safe Black Nylon Owleys;;Pet Supplies;In stock;OUPS05-05A;B0BYGLM9S6;3,26;;;;;;;;;;;;;;;;;
p-3014-695;11371;p-3014-695.png;;Car Headrest Tablet Holder by Owleys;644;Auto Accessories;In stock;OUAA01-05A;B0DGQR869G;2,35;;;;;;;;;;;;;;;;;
p-3014-691;13655;p-3014-691.png;;Hydration Backpack “Hydrotrail” by Owleys;16;Camping Accessories;In stock;OUCA06-05A;;6,59;;;;;;;;;;;;;;;;;
p-3014-499;3906;p-3014-499.png;;Waist Bag For Dog Walks “Pooch Pouch” Owleys;66;Pet Supplies;In stock;OUPS06-00A;B0C69CGSYR;6,7;;;;;;;;;;;;;;;;;
p-3014-602;15183;p-3014-602.png;;Dog Carrier Bag Brown King Woof “Seashell” Owleys;82;Pet Supplies;In stock;OUPS08-11A;B0D5Z27X4C;33,99;;;;;;;;;;;;;;;;;
p-3014-591;8988;p-3014-591.png;;Car Dog Ramp “Tailgate” Owleys;;Pet Supplies;In stock;OUPS07-05A;B0D2PNRXDM;37,22;;;;;;;;;;;;;;;;;
p-3014-696;13979;p-3014-696.png;;Foldable Pet Crate “Quick Kennel” by Owleys;40;Pet Supplies;In stock;OUPS09-03A;B0DGQQF377;18,91;;;;;;;;;;;;;;;;;
p-3014-49;1074;p-3014-49.png;;«16000PA» Car Vacuum Cleaner Handheld Cordless Supreme Suction Power 16000PA Owleys;;Car Vacuums;In stock;OUCV01-00A;B0B7CL3K6X;41;;;;;;;;;;;;;;;;;
p-3014-647;9563;p-3014-647.png;;«CrossClean» Portable Car Vacuum Cleaner “CrossClean” by Owleys;;Car Vacuums;In stock;OUCV04-00A;B0DCNTGWB3;37,39;;;;;;;;;;;;;;;;;
p-3014-664;21919;p-3014-664.png;;Refined Aroma Diffuser Black by Owleys;;"Air Fresher ";In stock;OUAF10-05A;B0DFHQ3FV4;6,96;;;;;;;;;;;;;;;;;
p-3014-665;21883;p-3014-665.png;;Refined Aroma Diffuser White by Owleys;;"Air Fresher ";In stock;OUAF10-15A;B0DFHM37JL;6,96;;;;;;;;;;;;;;;;;
p-3014-658;21028;p-3014-658.png;;Surfing in CA;;"Air Fresher ";In stock;OUAF10-00A;B0DFHP2S4L;3,51;;;;;;;;;;;;;;;;;
p-3014-659;21029;p-3014-659.png;;Sunrise riding in Texas;;"Air Fresher ";In stock;OUAF10-00B;B0DFHP5H58;4,12;;;;;;;;;;;;;;;;;
p-3014-660;21030;p-3014-660.png;;Sunset Lake BBQ;;"Air Fresher ";In stock;OUAF10-00C;B0DFHP567B;3,73;;;;;;;;;;;;;;;;;
p-3014-661;21031;p-3014-661.png;;Sweet Picnic Date;;"Air Fresher ";In stock;OUAF10-00D;B0DFHNHJ62;3,94;;;;;;;;;;;;;;;;;
p-3014-662;21032;p-3014-662.png;;Cozy glamping vibes;;"Air Fresher ";In stock;OUAF10-00E;B0DFHPF1BZ;4,09;;;;;;;;;;;;;;;;;
p-3014-663;21033;p-3014-663.png;;Blossom on Niagara Falls;;"Air Fresher ";In stock;OUAF10-00F;B0DFHN5J38;3,31;;;;;;;;;;;;;;;;;
;;;;;;;;;;;;;;;;;;;;;;;;;;;